{
  "0.001": [
    1002,
    960,
    1006,
    1002,
    985,
    989,
    989,
    988,
    998,
    998,
    990,
    989,
    991,
    1001,
    986,
    980,
    997,
    1015,
    1014,
    1002,
    967,
    995,
    1008,
    1000,
    1019,
    1007,
    1011,
    975,
    1000,
    992,
    981,
    1015,
    970,
    979,
    993,
    1002,
    1002,
    994,
    994,
    981,
    1014,
    1006,
    986,
    1000,
    1008,
    991,
    977,
    1004,
    982,
    993
  ],
  "0.0031622776601683794": [
    1038,
    983,
    1020,
    1024,
    1009,
    1062,
    1032,
    1018,
    1015,
    1019,
    1023,
    1003,
    1020,
    1006,
    990,
    1035,
    1083,
    1071,
    1021,
    1040,
    989,
    1062,
    1001,
    1069,
    1126,
    1016,
    1028,
    994,
    1049,
    993,
    1057,
    1076,
    991,
    1032,
    1041,
    1003,
    1029,
    1123,
    1031,
    1016,
    1053,
    999,
    1033,
    1040,
    981,
    1010,
    1001,
    1076,
    998,
    1007
  ],
  "0.01": [
    1338,
    1210,
    1272,
    1233,
    1239,
    1549,
    1238,
    1261,
    1241,
    1309,
    1236,
    1222,
    1226,
    1183,
    1191,
    1248,
    1459,
    1326,
    1313,
    1269,
    1323,
    1282,
    1197,
    1267,
    1322,
    1218,
    1385,
    1206,
    1376,
    1330,
    1234,
    1402,
    1166,
    1220,
    1427,
    1214,
    1218,
    1450,
    1296,
    1349,
    1267,
    1157,
    1285,
    1259,
    1144,
    1269,
    1252,
    1398,
    1294,
    1297
  ],
  "0.03162277660168379": [
    3169,
    2167,
    2001,
    2488,
    2579,
    2235,
    2233,
    2091,
    2932,
    2369,
    2268,
    2494,
    2104,
    2008,
    2588,
    2368,
    2555,
    2390,
    2985,
    2324,
    2278,
    2265,
    1858,
    2071,
    2703,
    2247,
    2748,
    2366,
    2508,
    2530,
    2270,
    2369,
    1962,
    2048,
    2981,
    2453,
    2389,
    2504,
    2238,
    2178,
    2478,
    1810,
    2325,
    2319,
    2088,
    2327,
    2140,
    2361,
    2217,
    2939
  ],
  "0.1": [
    27310,
    14544,
    11981,
    22429,
    21775,
    16373,
    16788,
    14543,
    21332,
    21747,
    23868,
    37895,
    39073,
    20795,
    28855,
    28704,
    16868,
    28570,
    24512,
    12236,
    26405,
    27301,
    11205,
    18736,
    42008,
    14896,
    33843,
    9094,
    16571,
    17453,
    34085,
    22231,
    29779,
    25149,
    30079,
    14486,
    14399,
    33340,
    34051,
    22816,
    14718,
    24966,
    36615,
    13760,
    11634,
    20789,
    19831,
    21115,
    17654,
    20677
  ]
}