{
  "0.001": [
    5467,
    5557,
    5432,
    5566,
    5481,
    5501,
    5578,
    5356,
    5479,
    5311,
    5426,
    5618,
    5407,
    5455,
    5554,
    5504,
    5588,
    5459,
    5342,
    5493,
    5457,
    5387,
    5567,
    5502,
    5563,
    5521,
    5506,
    5500,
    5402,
    5474,
    5451,
    5618,
    5471,
    5564,
    5429,
    5324,
    5323,
    5419,
    5393,
    5381,
    5535,
    5562,
    5510,
    5490,
    5575,
    5602,
    5662,
    5441,
    5614,
    5331
  ],
  "0.0031622776601683794": [
    5377,
    5276,
    5352,
    5425,
    5296,
    5310,
    5353,
    5368,
    5350,
    5346,
    5363,
    5199,
    5351,
    5364,
    5226,
    5482,
    5519,
    5492,
    5240,
    5417,
    5257,
    5399,
    5300,
    5330,
    5517,
    5342,
    5407,
    5251,
    5430,
    5313,
    5302,
    5405,
    5354,
    5274,
    5385,
    5288,
    5319,
    5425,
    5295,
    5390,
    5465,
    5205,
    5348,
    5397,
    5293,
    5375,
    5315,
    5338,
    5280,
    5310
  ],
  "0.01": [
    6267,
    5962,
    6057,
    6129,
    6271,
    6009,
    5900,
    6008,
    5987,
    6307,
    6056,
    5872,
    5927,
    6076,
    5766,
    6216,
    6259,
    6144,
    6070,
    6040,
    5887,
    6124,
    5942,
    6586,
    6148,
    6110,
    6189,
    5865,
    6399,
    6120,
    5798,
    6383,
    6050,
    6068,
    6113,
    6142,
    6124,
    6092,
    6595,
    6009,
    5871,
    6233,
    6409,
    5902,
    6355,
    6071,
    6143,
    6018,
    6126,
    5933
  ],
  "0.03162277660168379": [
    11025,
    8543,
    8608,
    10324,
    9282,
    8606,
    8332,
    9337,
    10023,
    12193,
    10176,
    8415,
    8667,
    9626,
    10570,
    9835,
    8917,
    9409,
    10792,
    9029,
    8870,
    10247,
    8087,
    9624,
    9884,
    8486,
    8484,
    9434,
    10647,
    12376,
    9962,
    9588,
    8658,
    9530,
    9017,
    10500,
    7998,
    10227,
    9156,
    9517,
    8903,
    7897,
    8466,
    10108,
    9108,
    8910,
    9735,
    9890,
    9474,
    8215
  ],
  "0.1": [
    151660,
    105539,
    98121,
    80376,
    160588,
    89156,
    132511,
    64563,
    92198,
    99498,
    88700,
    89724,
    198502,
    98769,
    158972,
    73224,
    130917,
    109599,
    97233,
    129666,
    89845,
    102974,
    83122,
    87266,
    132854,
    56076,
    69904,
    105510,
    175509,
    87488,
    131575,
    140382,
    122070,
    80858,
    109959,
    84984,
    136345,
    108417,
    102090,
    85802,
    97889,
    120558,
    102980,
    102067,
    71861,
    138141,
    137902,
    96022,
    68571,
    104905
  ]
}