{
  "0.001": [
    5571,
    5419,
    5462,
    5547,
    5432,
    5554,
    5450,
    5530,
    5542,
    5462,
    5489,
    5533,
    5499,
    5637,
    5665,
    5541,
    5687,
    5595,
    5459,
    5550,
    5352,
    5570,
    5568,
    5569,
    5531,
    5567,
    5549,
    5554,
    5416,
    5684,
    5722,
    5562,
    5684,
    5546,
    5616,
    5648,
    5536,
    5576,
    5476,
    5571,
    5586,
    5493,
    5546,
    5473,
    5504,
    5488,
    5605,
    5597,
    5465,
    5521
  ],
  "0.0031622776601683794": [
    5352,
    5304,
    5341,
    5364,
    5347,
    5294,
    5388,
    5349,
    5383,
    5364,
    5316,
    5268,
    5271,
    5305,
    5259,
    5434,
    5443,
    5530,
    5229,
    5293,
    5271,
    5494,
    5298,
    5333,
    5886,
    5299,
    5458,
    5759,
    5438,
    5377,
    5322,
    5381,
    5301,
    5310,
    5465,
    5263,
    5395,
    5491,
    5457,
    5392,
    5328,
    5307,
    5398,
    5334,
    5329,
    5689,
    5375,
    5337,
    5417,
    5256
  ],
  "0.01": [
    6237,
    6102,
    6147,
    6189,
    6101,
    6127,
    6082,
    6097,
    6348,
    6086,
    6062,
    5931,
    6052,
    6080,
    6022,
    6460,
    6189,
    6400,
    5936,
    5948,
    6235,
    6151,
    6069,
    6520,
    6175,
    5853,
    6113,
    5867,
    6051,
    6016,
    5900,
    6472,
    6034,
    5912,
    6123,
    6063,
    6155,
    6124,
    6078,
    6005,
    6219,
    5965,
    6178,
    6244,
    5909,
    5916,
    6129,
    6439,
    6215,
    5899
  ],
  "0.03162277660168379": [
    9760,
    9737,
    8940,
    9081,
    9948,
    9944,
    10228,
    9835,
    11294,
    8864,
    12160,
    8730,
    9632,
    10626,
    9799,
    10876,
    10586,
    10653,
    11028,
    9759,
    9675,
    11167,
    9467,
    8276,
    10598,
    9394,
    8471,
    8369,
    10695,
    10306,
    11846,
    9450,
    9243,
    8601,
    9131,
    9921,
    9163,
    9453,
    11921,
    12689,
    9200,
    8284,
    9089,
    10408,
    9462,
    9817,
    10111,
    8256,
    9161,
    11389
  ],
  "0.1": [
    157016,
    125564,
    92272,
    113817,
    146109,
    108360,
    170829,
    132673,
    122151,
    99224,
    86412,
    162156,
    103814,
    221299,
    173421,
    207811,
    158020,
    205900,
    88969,
    147597,
    162739,
    166826,
    127717,
    235855,
    168986,
    180851,
    162025,
    152427,
    127509,
    203491,
    104954,
    162794,
    123298,
    161985,
    209547,
    189328,
    202215,
    129587,
    83430,
    87924,
    97951,
    274705,
    217548,
    69622,
    107972,
    81282,
    132691,
    54290,
    263853,
    140471
  ]
}