{
  "0.001": [
    1009,
    1010,
    1024,
    1019,
    1000,
    1008,
    1003,
    1008,
    1013,
    1012,
    1029,
    987,
    1007,
    1015,
    977,
    996,
    1013,
    1032,
    1045,
    1025,
    992,
    1003,
    1046,
    1003,
    1046,
    1007,
    1015,
    1006,
    1010,
    991,
    998,
    1017,
    988,
    1017,
    997,
    1011,
    1000,
    1012,
    1048,
    1007,
    1024,
    1050,
    992,
    1010,
    998,
    1023,
    1010,
    1040,
    1013,
    1005
  ],
  "0.0031622776601683794": [
    1048,
    997,
    1000,
    1033,
    1012,
    1004,
    1024,
    1010,
    1027,
    1014,
    1054,
    1015,
    1006,
    998,
    1002,
    1030,
    1061,
    1071,
    1012,
    1018,
    995,
    1033,
    1000,
    998,
    1028,
    1017,
    1036,
    981,
    1042,
    1065,
    998,
    1055,
    987,
    1012,
    1008,
    1001,
    1020,
    1054,
    1043,
    1007,
    1029,
    1005,
    1008,
    1008,
    981,
    1002,
    1015,
    1030,
    1006,
    1013
  ],
  "0.01": [
    1345,
    1131,
    1315,
    1169,
    1267,
    1271,
    1291,
    1265,
    1263,
    1277,
    1292,
    1225,
    1261,
    1160,
    1249,
    1235,
    1454,
    1425,
    1200,
    1186,
    1333,
    1298,
    1235,
    1256,
    1357,
    1241,
    1218,
    1155,
    1357,
    1306,
    1174,
    1400,
    1306,
    1253,
    1315,
    1315,
    1245,
    1294,
    1364,
    1231,
    1233,
    1160,
    1214,
    1213,
    1196,
    1256,
    1209,
    1277,
    1332,
    1201
  ],
  "0.03162277660168379": [
    2953,
    2151,
    2082,
    2529,
    3216,
    2369,
    2341,
    2287,
    3912,
    1862,
    2386,
    2123,
    1829,
    1856,
    1940,
    2184,
    2177,
    2372,
    2379,
    2487,
    2487,
    2875,
    1718,
    1843,
    1870,
    2511,
    2118,
    1915,
    2581,
    2494,
    2731,
    2107,
    2080,
    2018,
    2181,
    2518,
    2153,
    2751,
    2580,
    1859,
    1989,
    1675,
    2583,
    2006,
    1938,
    2441,
    2200,
    2733,
    2058,
    2603
  ],
  "0.1": [
    43947,
    32804,
    14767,
    30576,
    29558,
    31422,
    21721,
    22416,
    24231,
    15700,
    42708,
    38782,
    26149,
    38582,
    26082,
    33319,
    29302,
    32696,
    25946,
    53547,
    38252,
    33264,
    24991,
    15309,
    55768,
    40690,
    40474,
    33312,
    28286,
    33331,
    39875,
    28692,
    35343,
    26098,
    41840,
    22176,
    52410,
    20581,
    27639,
    37706,
    32308,
    19720,
    39649,
    33898,
    51234,
    22953,
    19146,
    31276,
    34030,
    40192
  ]
}