{
  "0.001": [
    5370,
    5325,
    5316,
    5395,
    5636,
    5463,
    5364,
    5451,
    5366,
    5378,
    5667,
    5296,
    5271,
    5365,
    5280,
    5231,
    5400,
    5493,
    5347,
    5356,
    5394,
    5382,
    5434,
    5400,
    5430,
    5361,
    5305,
    5599,
    5408,
    5268,
    5355,
    5332,
    5299,
    5342,
    5246,
    5452,
    5381,
    5298,
    5496,
    5534,
    5348,
    5306,
    5466,
    5329,
    5337,
    5432,
    5305,
    5480,
    5502,
    5339
  ],
  "0.0031622776601683794": [
    5058,
    4995,
    4980,
    5131,
    5258,
    4972,
    4992,
    5031,
    4968,
    4970,
    5030,
    4995,
    5015,
    5037,
    4980,
    4924,
    6520,
    5044,
    5168,
    5229,
    5012,
    5027,
    4951,
    4958,
    5095,
    4963,
    5005,
    5118,
    5304,
    5003,
    5011,
    5082,
    5113,
    4904,
    5268,
    4981,
    4974,
    5051,
    4999,
    5093,
    5106,
    5008,
    5057,
    5129,
    5012,
    4989,
    5039,
    5062,
    5399,
    5549
  ],
  "0.01": [
    7703,
    6183,
    6458,
    6330,
    6546,
    10854,
    7341,
    9249,
    6889,
    6505,
    9096,
    7221,
    6193,
    8536,
    6693,
    7424,
    6438,
    6846,
    6186,
    6195,
    7367,
    6198,
    8069,
    7233,
    6810,
    6586,
    6473,
    7658,
    20567,
    7127,
    6601,
    7552,
    6242,
    6860,
    6569,
    7401,
    7803,
    6721,
    6031,
    7054,
    8314,
    8345,
    6421,
    8865,
    7419,
    6758,
    6060,
    9508,
    6429,
    6393
  ],
  "0.03162277660168379": [
    26202,
    19459,
    24748,
    27411,
    22082,
    25607,
    38759,
    23158,
    26583,
    22902,
    23012,
    18973,
    39154,
    22418,
    23744,
    57147,
    33858,
    27571,
    19530,
    27767,
    31165,
    23859,
    32787,
    19045,
    33865,
    25537,
    25692,
    24866,
    22637,
    38977,
    24208,
    23562,
    24455,
    25710,
    23496,
    24203,
    29061,
    32323,
    17010,
    24946,
    22997,
    25189,
    25720,
    37045,
    29126,
    21180,
    23610,
    24538,
    23741,
    24276
  ],
  "0.1": [
    273654,
    249618,
    238234,
    375512,
    388447,
    415443,
    441437,
    206249,
    562276,
    291842,
    441025,
    391071,
    491122,
    374587,
    296432,
    570863,
    353053,
    392952,
    480923,
    764262,
    402146,
    430401,
    335458,
    374663,
    622305,
    434568,
    368333,
    528491,
    332609,
    409125,
    411174,
    448227,
    446204,
    253512,
    376970,
    389094,
    371433,
    287155,
    436757,
    573657,
    344408,
    523321,
    416892,
    538704,
    344776,
    682079,
    373807,
    224583,
    433299,
    401334
  ]
}