{
  "0.001": [
    4750,
    4726,
    4734,
    4736,
    4734,
    4712,
    4738,
    4772,
    4745,
    4791,
    4752,
    4739,
    4728,
    4741,
    4707,
    4711,
    4796,
    4848,
    4728,
    4732,
    4726,
    4769,
    4713,
    4733,
    4762,
    4741,
    4802,
    4765,
    4741,
    4732,
    4690,
    4809,
    4694,
    4721,
    4753,
    4699,
    4733,
    4885,
    4753,
    4756,
    4760,
    4729,
    4746,
    4713,
    4713,
    4803,
    4713,
    4774,
    4748,
    4755
  ],
  "0.0031622776601683794": [
    5341,
    5181,
    5190,
    5299,
    5267,
    5266,
    5287,
    5280,
    5242,
    5349,
    5357,
    5283,
    5261,
    5229,
    5220,
    5243,
    5340,
    5598,
    5610,
    5326,
    5289,
    5350,
    5115,
    5274,
    5308,
    5161,
    5277,
    5315,
    5309,
    5412,
    5152,
    5409,
    5116,
    5178,
    5435,
    5184,
    5297,
    5491,
    5319,
    5322,
    5271,
    5216,
    5282,
    5278,
    5095,
    5302,
    5319,
    5322,
    5294,
    5311
  ],
  "0.01": [
    7177,
    7215,
    7198,
    7267,
    7088,
    6864,
    6879,
    7087,
    6967,
    7278,
    7224,
    6907,
    6687,
    6718,
    6788,
    7100,
    7019,
    7628,
    6756,
    6962,
    7033,
    7041,
    6884,
    6797,
    6869,
    6895,
    7158,
    6511,
    7312,
    7166,
    6821,
    7217,
    6823,
    6859,
    7257,
    7028,
    7031,
    7183,
    7170,
    6804,
    6987,
    6784,
    7143,
    7039,
    6669,
    7071,
    7069,
    6942,
    6955,
    7038
  ],
  "0.03162277660168379": [
    14437,
    14964,
    13950,
    15299,
    14134,
    16178,
    14964,
    16079,
    14934,
    15869,
    15621,
    13601,
    15282,
    13493,
    13793,
    14468,
    14629,
    17089,
    15759,
    14387,
    14417,
    14288,
    12391,
    14064,
    16222,
    14380,
    14793,
    13305,
    16538,
    14436,
    16463,
    14530,
    14621,
    13709,
    16374,
    14557,
    15029,
    15358,
    15333,
    14112,
    15684,
    14175,
    14878,
    15796,
    14766,
    13519,
    13550,
    14114,
    17844,
    14526
  ],
  "0.1": [
    358257,
    342734,
    303055,
    331477,
    333324,
    346672,
    327004,
    345712,
    364308,
    317745,
    376042,
    411515,
    329800,
    293190,
    335896,
    348991,
    345789,
    393004,
    478342,
    372078,
    457496,
    448660,
    266088,
    356211,
    302607,
    318791,
    340081,
    406480,
    366128,
    434249,
    383395,
    284910,
    368551,
    351329,
    324321,
    364486,
    261492,
    324720,
    334048,
    355973,
    412126,
    338997,
    327697,
    365647,
    276493,
    319245,
    333656,
    369522,
    354636,
    395257
  ]
}